INDEX,STOCKS
NIFTY MIDCAP 150,ATGL
NIFTY MIDCAP 150,WAAREEENER
NIFTY MIDCAP 150,HINDPETRO
NIFTY MIDCAP 150,BSE
NIFTY MIDCAP 150,NTPCGREEN
NIFTY MIDCAP 150,GUJGASLTD
NIFTY MIDCAP 150,DIXON
NIFTY MIDCAP 150,IDEA
NIFTY MIDCAP 150,OIL
NIFTY MIDCAP 150,NATIONALUM
NIFTY MIDCAP 150,POLYCAB
NIFTY MIDCAP 150,INDUSINDBK
NIFTY MIDCAP 150,HDFCAMC
NIFTY MIDCAP 150,COFORGE
NIFTY MIDCAP 150,MUTHOOTFIN
NIFTY MIDCAP 150,SUZLON
NIFTY MIDCAP 150,IDFCFIRSTB
NIFTY MIDCAP 150,CUMMINSIND
NIFTY MIDCAP 150,IDBI
NIFTY MIDCAP 150,PREMIERENE
NIFTY MIDCAP 150,POWERINDIA
NIFTY MIDCAP 150,FORTIS
NIFTY MIDCAP 150,ASHOKLEY
NIFTY MIDCAP 150,SAIL
NIFTY MIDCAP 150,PAYTM
NIFTY MIDCAP 150,NMDC
NIFTY MIDCAP 150,PETRONET
NIFTY MIDCAP 150,KPITTECH
NIFTY MIDCAP 150,LICHSGFIN
NIFTY MIDCAP 150,UNIONBANK
NIFTY MIDCAP 150,GODREJPROP
NIFTY MIDCAP 150,KEI
NIFTY MIDCAP 150,TATAELXSI
NIFTY MIDCAP 150,GVT&D
NIFTY MIDCAP 150,YESBANK
NIFTY MIDCAP 150,FLUOROCHEM
NIFTY MIDCAP 150,BHEL
NIFTY MIDCAP 150,UPL
NIFTY MIDCAP 150,AUBANK
NIFTY MIDCAP 150,RVNL
NIFTY MIDCAP 150,PERSISTENT
NIFTY MIDCAP 150,HEROMOTOCO
NIFTY MIDCAP 150,BDL
NIFTY MIDCAP 150,FEDERALBNK
NIFTY MIDCAP 150,SWIGGY
NIFTY MIDCAP 150,NHPC
NIFTY MIDCAP 150,KALYANKJIL
NIFTY MIDCAP 150,VMM
NIFTY MIDCAP 150,MFSL
NIFTY MIDCAP 150,INDIANB
NIFTY MIDCAP 150,BHARATFORG
NIFTY MIDCAP 150,VOLTAS
NIFTY MIDCAP 150,UNOMINDA
NIFTY MIDCAP 150,GLENMARK
NIFTY MIDCAP 150,IREDA
NIFTY MIDCAP 150,COCHINSHIP
NIFTY MIDCAP 150,LTF
NIFTY MIDCAP 150,BANKINDIA
NIFTY MIDCAP 150,MAHABANK
NIFTY MIDCAP 150,POLICYBZR
NIFTY MIDCAP 150,SBICARD
NIFTY MIDCAP 150,OFSS
NIFTY MIDCAP 150,GMRAIRPORT
NIFTY MIDCAP 150,TATATECH
NIFTY MIDCAP 150,AUROPHARMA
NIFTY MIDCAP 150,MANKIND
NIFTY MIDCAP 150,APLAPOLLO
NIFTY MIDCAP 150,ABCAPITAL
NIFTY MIDCAP 150,APARINDS
NIFTY MIDCAP 150,LLOYDSME
NIFTY MIDCAP 150,INDUSTOWER
NIFTY MIDCAP 150,MARICO
NIFTY MIDCAP 150,LUPIN
NIFTY MIDCAP 150,LTTS
NIFTY MIDCAP 150,SRF
NIFTY MIDCAP 150,PRESTIGE
NIFTY MIDCAP 150,ITCHOTELS
NIFTY MIDCAP 150,BLUESTARCO
NIFTY MIDCAP 150,HUDCO
NIFTY MIDCAP 150,JUBLFOOD
NIFTY MIDCAP 150,MRF
NIFTY MIDCAP 150,CONCOR
NIFTY MIDCAP 150,THERMAX
NIFTY MIDCAP 150,TIINDIA
NIFTY MIDCAP 150,DABUR
NIFTY MIDCAP 150,MOTILALOFS
NIFTY MIDCAP 150,ASTRAL
NIFTY MIDCAP 150,OBEROIRLTY
NIFTY MIDCAP 150,IGL
NIFTY MIDCAP 150,COLPAL
NIFTY MIDCAP 150,NLCINDIA
NIFTY MIDCAP 150,ICICIPRULI
NIFTY MIDCAP 150,BIOCON
NIFTY MIDCAP 150,GODFRYPHLP
NIFTY MIDCAP 150,PHOENIXLTD
NIFTY MIDCAP 150,PATANJALI
NIFTY MIDCAP 150,MPHASIS
NIFTY MIDCAP 150,ESCORTS
NIFTY MIDCAP 150,IRCTC
NIFTY MIDCAP 150,SONACOMS
NIFTY MIDCAP 150,SUPREMEIND
NIFTY MIDCAP 150,FACT
NIFTY MIDCAP 150,AWL
NIFTY MIDCAP 150,NAM-INDIA
NIFTY MIDCAP 150,NYKAA
NIFTY MIDCAP 150,EXIDEIND
NIFTY MIDCAP 150,360ONE
NIFTY MIDCAP 150,APOLLOTYRE
NIFTY MIDCAP 150,ACC
NIFTY MIDCAP 150,COROMANDEL
NIFTY MIDCAP 150,SJVN
NIFTY MIDCAP 150,TORNTPOWER
NIFTY MIDCAP 150,JSWINFRA
NIFTY MIDCAP 150,HEXT
NIFTY MIDCAP 150,ALKEM
NIFTY MIDCAP 150,PAGEIND
NIFTY MIDCAP 150,BHARTIHEXA
NIFTY MIDCAP 150,M&MFIN
NIFTY MIDCAP 150,TATAINVEST
NIFTY MIDCAP 150,JSL
NIFTY MIDCAP 150,DEEPAKNTR
NIFTY MIDCAP 150,LINDEINDIA
NIFTY MIDCAP 150,SUNDARMFIN
NIFTY MIDCAP 150,AJANTPHARM
NIFTY MIDCAP 150,SYNGENE
NIFTY MIDCAP 150,TATACOMM
NIFTY MIDCAP 150,IRB
NIFTY MIDCAP 150,PIIND
NIFTY MIDCAP 150,DALBHARAT
NIFTY MIDCAP 150,IOB
NIFTY MIDCAP 150,AIAENG
NIFTY MIDCAP 150,IPCALAB
NIFTY MIDCAP 150,BERGEPAINT
NIFTY MIDCAP 150,JKCEMENT
NIFTY MIDCAP 150,UCOBANK
NIFTY MIDCAP 150,KPRMILL
NIFTY MIDCAP 150,SCHAEFFLER
NIFTY MIDCAP 150,HONAUT
NIFTY MIDCAP 150,ABBOTINDIA
NIFTY MIDCAP 150,BALKRISIND
NIFTY MIDCAP 150,ENDURANCE
NIFTY MIDCAP 150,CRISIL
NIFTY MIDCAP 150,PGHH
NIFTY MIDCAP 150,GODREJIND
NIFTY MIDCAP 150,MEDANTA
NIFTY MIDCAP 150,3MINDIA
NIFTY MIDCAP 150,UBL
NIFTY MIDCAP 150,GLAXO
NIFTY MIDCAP 150,NIACL
NIFTY MIDCAP 150,GICRE
